{
  "LLMStrategy": {
    "trades": 267,
    "win_rate": 0.0,
    "profit_total_pct": -0.65519008689,
    "profit_total_abs": -655.19008689,
    "sharpe": -2041.801141850795,
    "sortino": -2041.801141850795,
    "calmar": -65.87921784325101,
    "sqn": -189.3192,
    "profit_factor": 0.0,
    "expectancy": -2.453895456516854,
    "max_drawdown_account": 0.6551900868900001,
    "max_drawdown_abs": 655.1900868900001,
    "avg_duration": "0:21:00",
    "cagr": -0.999998486846547,
    "avg_stake": 99.99982306614233,
    "market_change": -0.011262764082961466
  },
  "EMAStrategy": {
    "trades": 284,
    "win_rate": 0.01056338028169014,
    "profit_total_pct": -0.6832005518200001,
    "profit_total_abs": -683.2005518200001,
    "sharpe": -880.3743361498842,
    "sortino": -1018.3764708040118,
    "calmar": -65.87921784325106,
    "sqn": -79.1578,
    "profit_factor": 0.0005072979922498825,
    "expectancy": -2.4056357458450703,
    "max_drawdown_account": 0.6832005518199997,
    "max_drawdown_abs": 683.2005518199998,
    "avg_duration": "2:27:00",
    "cagr": -0.9999994790819822,
    "avg_stake": 99.99977987806338,
    "market_change": -0.011262764082961466
  },
  "SimpleRSIStrategy": {
    "trades": 86,
    "win_rate": 0.0,
    "profit_total_pct": -0.20107936934,
    "profit_total_abs": -201.07936934,
    "sharpe": -115.7723505954319,
    "sortino": -115.7723505954319,
    "calmar": -65.87921784325104,
    "sqn": -18.8394,
    "profit_factor": 0.0,
    "expectancy": -2.338132201627907,
    "max_drawdown_account": 0.20107936933999998,
    "max_drawdown_abs": 201.07936934,
    "avg_duration": "7:57:00",
    "cagr": -0.9407224025620815,
    "avg_stake": 99.999806957907,
    "market_change": -0.011262764082961466
  }
}